Order ID,Created Time,Order List,Total Item,Due Time
Cust00001,2023-02-15 08:01:34.981955334,"[(87, 2), (243, 3), (141, 3), (100, 3)]",11,2023-02-15 09:34:34.981955334
Cust00002,2023-02-15 08:02:05.614628245,"[(163, 3)]",3,2023-02-15 08:39:05.614628245
Cust00003,2023-02-15 08:02:49.147833889,"[(317, 1)]",1,2023-02-15 09:46:49.147833889
Cust00004,2023-02-15 08:03:58.610002028,"[(32, 3), (26, 1), (121, 1)]",5,2023-02-15 09:12:58.610002028
Cust00005,2023-02-15 08:04:08.160287387,"[(305, 2), (35, 1), (134, 2)]",5,2023-02-15 08:44:08.160287387
Cust00006,2023-02-15 08:04:35.639566614,"[(23, 2)]",2,2023-02-15 09:02:35.639566614
Cust00007,2023-02-15 08:05:09.422150517,"[(136, 4), (8, 8)]",12,2023-02-15 08:50:09.422150517
Cust00008,2023-02-15 08:05:12.835993384,"[(56, 1), (70, 3)]",4,2023-02-15 09:52:12.835993384
Cust00009,2023-02-15 08:06:03.201500528,"[(201, 1), (332, 3)]",4,2023-02-15 09:08:03.201500528
Cust00010,2023-02-15 08:06:50.992193725,"[(162, 3), (79, 4), (140, 3)]",10,2023-02-15 09:46:50.992193725
Cust00011,2023-02-15 08:08:13.942178480,"[(242, 1), (116, 8)]",9,2023-02-15 09:54:13.942178480
Cust00012,2023-02-15 08:09:10.931159308,"[(279, 3), (112, 1), (14, 4), (240, 2)]",10,2023-02-15 09:12:10.931159308
Cust00013,2023-02-15 08:11:22.068962868,"[(2, 1), (18, 3), (62, 3), (51, 1)]",8,2023-02-15 08:42:22.068962868
Cust00014,2023-02-15 08:11:49.002718637,"[(25, 3)]",3,2023-02-15 09:02:49.002718637
Cust00015,2023-02-15 08:12:28.894491390,"[(201, 2), (23, 3), (169, 1)]",6,2023-02-15 09:30:28.894491390
Cust00016,2023-02-15 08:13:12.332550554,"[(58, 1), (237, 9), (69, 2)]",12,2023-02-15 09:40:12.332550554
Cust00017,2023-02-15 08:13:38.229572634,"[(128, 1)]",1,2023-02-15 09:01:38.229572634
Cust00018,2023-02-15 08:14:15.778241339,"[(23, 1), (140, 1), (39, 1)]",3,2023-02-15 09:51:15.778241339
Cust00019,2023-02-15 08:19:02.910243723,"[(101, 1)]",1,2023-02-15 09:44:02.910243723
Cust00020,2023-02-15 08:19:58.728283496,"[(148, 1), (64, 2)]",3,2023-02-15 10:15:58.728283496
Cust00021,2023-02-15 08:20:18.411646699,"[(251, 2)]",2,2023-02-15 09:47:18.411646699
Cust00022,2023-02-15 08:21:15.968240162,"[(85, 3), (91, 3), (130, 2), (73, 1), (56, 1)]",10,2023-02-15 09:36:15.968240162
Cust00023,2023-02-15 08:21:58.869140089,"[(252, 4), (204, 3), (22, 4)]",11,2023-02-15 09:00:58.869140089
Cust00024,2023-02-15 08:23:50.095377026,"[(135, 2), (146, 4)]",6,2023-02-15 10:03:50.095377026
Cust00025,2023-02-15 08:25:43.511766512,"[(225, 8), (14, 2), (41, 2)]",12,2023-02-15 09:14:43.511766512
Cust00026,2023-02-15 08:26:09.383787055,"[(54, 3)]",3,2023-02-15 10:15:09.383787055
Cust00027,2023-02-15 08:26:20.530459461,"[(223, 3)]",3,2023-02-15 08:59:20.530459461
Cust00028,2023-02-15 08:26:55.050921849,"[(169, 2)]",2,2023-02-15 09:21:55.050921849
Cust00029,2023-02-15 08:27:51.270475049,"[(53, 4)]",4,2023-02-15 10:19:51.270475049
Cust00030,2023-02-15 08:28:26.595944707,"[(117, 1), (28, 10), (6, 2)]",13,2023-02-15 09:59:26.595944707
Cust00031,2023-02-15 08:31:02.074045734,"[(36, 3)]",3,2023-02-15 09:37:02.074045734
Cust00032,2023-02-15 08:32:04.489292855,"[(310, 2), (5, 3), (348, 3)]",8,2023-02-15 09:32:04.489292855
Cust00033,2023-02-15 08:32:21.573318424,"[(14, 4), (184, 4), (197, 3)]",11,2023-02-15 09:32:21.573318424
Cust00034,2023-02-15 08:33:43.314277537,"[(188, 3), (5, 1), (68, 4)]",8,2023-02-15 10:09:43.314277537
Cust00035,2023-02-15 08:33:52.335765065,"[(224, 4), (53, 1), (47, 3)]",8,2023-02-15 09:33:52.335765065
Cust00036,2023-02-15 08:34:05.063965332,"[(48, 2), (66, 2), (106, 2)]",6,2023-02-15 09:29:05.063965332
Cust00037,2023-02-15 08:35:10.859329114,"[(44, 3)]",3,2023-02-15 09:55:10.859329114
Cust00038,2023-02-15 08:35:13.809634201,"[(16, 3), (46, 1), (81, 2), (220, 2)]",8,2023-02-15 09:28:13.809634201
Cust00039,2023-02-15 08:38:11.769613408,"[(34, 2), (10, 3), (79, 1), (27, 4), (23, 2)]",12,2023-02-15 09:15:11.769613408
Cust00040,2023-02-15 08:40:54.899536505,"[(224, 2), (101, 2), (225, 4)]",8,2023-02-15 10:19:54.899536505
Cust00041,2023-02-15 08:41:11.466072500,"[(41, 4)]",4,2023-02-15 10:01:11.466072500
Cust00042,2023-02-15 08:43:40.237887922,"[(139, 4), (22, 1)]",5,2023-02-15 10:37:40.237887922
Cust00043,2023-02-15 08:43:47.456594127,"[(47, 2), (95, 2), (42, 2)]",6,2023-02-15 09:59:47.456594127
Cust00044,2023-02-15 08:44:39.415419076,"[(175, 3), (78, 1)]",4,2023-02-15 09:14:39.415419076
Cust00045,2023-02-15 08:46:59.487874701,"[(26, 2), (265, 1), (175, 4)]",7,2023-02-15 09:54:59.487874701
Cust00046,2023-02-15 08:47:03.753534515,"[(279, 3), (161, 8), (250, 3), (48, 2)]",16,2023-02-15 09:38:03.753534515
Cust00047,2023-02-15 08:47:22.037794388,"[(154, 1), (6, 1)]",2,2023-02-15 09:51:22.037794388
Cust00048,2023-02-15 08:47:48.663645238,"[(171, 1), (228, 1)]",2,2023-02-15 09:29:48.663645238
Cust00049,2023-02-15 08:51:04.815877075,"[(206, 2), (164, 3), (123, 1), (66, 4)]",10,2023-02-15 10:11:04.815877075
Cust00050,2023-02-15 08:53:52.305262259,"[(92, 1)]",1,2023-02-15 09:44:52.305262259
Cust00051,2023-02-15 08:54:04.279879619,"[(54, 3), (83, 3), (38, 2)]",8,2023-02-15 10:13:04.279879619
Cust00052,2023-02-15 08:54:33.324143705,"[(39, 3), (44, 1), (99, 2), (31, 3), (109, 1), (145, 1), (9, 3), (144, 2), (26, 3), (50, 4)]",23,2023-02-15 09:27:33.324143705
Cust00053,2023-02-15 08:54:42.028050116,"[(45, 1), (72, 1)]",2,2023-02-15 10:31:42.028050116
Cust00054,2023-02-15 08:56:17.776173180,"[(205, 3), (29, 3)]",6,2023-02-15 09:46:17.776173180
Cust00055,2023-02-15 08:58:36.717615331,"[(178, 1), (169, 2), (112, 2), (38, 3)]",8,2023-02-15 10:00:36.717615331
Cust00056,2023-02-15 08:58:46.336936962,"[(48, 4)]",4,2023-02-15 10:47:46.336936962
Cust00057,2023-02-15 08:59:14.545026659,"[(83, 1), (188, 1)]",2,2023-02-15 09:45:14.545026659
Cust00058,2023-02-15 08:59:34.770162655,"[(315, 1), (3, 1)]",2,2023-02-15 09:52:34.770162655
Cust00059,2023-02-15 09:00:28.765192298,"[(182, 2)]",2,2023-02-15 11:00:28.765192298
Cust00060,2023-02-15 09:02:28.770773584,"[(65, 1), (163, 4)]",5,2023-02-15 09:58:28.770773584
Cust00061,2023-02-15 09:04:18.367235081,"[(68, 1), (149, 2), (70, 10), (6, 1)]",14,2023-02-15 11:01:18.367235081
Cust00062,2023-02-15 09:06:33.928402630,"[(150, 2), (137, 2), (65, 10), (203, 3)]",17,2023-02-15 11:04:33.928402630
Cust00063,2023-02-15 09:08:35.508043195,"[(158, 2), (248, 1)]",3,2023-02-15 10:52:35.508043195
Cust00064,2023-02-15 09:09:38.534855691,"[(46, 3), (291, 8), (50, 3), (374, 3)]",17,2023-02-15 10:55:38.534855691
Cust00065,2023-02-15 09:09:46.298904752,"[(129, 4)]",4,2023-02-15 10:55:46.298904752
Cust00066,2023-02-15 09:10:32.429164692,"[(54, 3)]",3,2023-02-15 10:21:32.429164692
Cust00067,2023-02-15 09:10:36.498823596,"[(71, 2)]",2,2023-02-15 09:42:36.498823596
Cust00068,2023-02-15 09:11:12.569872480,"[(151, 4)]",4,2023-02-15 10:02:12.569872480
Cust00069,2023-02-15 09:12:03.866660901,"[(243, 8), (318, 4), (244, 4)]",16,2023-02-15 10:12:03.866660901
Cust00070,2023-02-15 09:12:44.438346972,"[(70, 1)]",1,2023-02-15 11:11:44.438346972
Cust00071,2023-02-15 09:14:23.912001386,"[(182, 2)]",2,2023-02-15 10:16:23.912001386
Cust00072,2023-02-15 09:14:37.892378308,"[(147, 2)]",2,2023-02-15 10:48:37.892378308
Cust00073,2023-02-15 09:16:00.940788801,"[(309, 3)]",3,2023-02-15 10:38:00.940788801
Cust00074,2023-02-15 09:17:46.433939886,"[(160, 2), (1, 2), (54, 2), (274, 2)]",8,2023-02-15 09:48:46.433939886
Cust00075,2023-02-15 09:19:43.887715824,"[(82, 1), (260, 7), (66, 2)]",10,2023-02-15 10:08:43.887715824
Cust00076,2023-02-15 09:21:36.999404691,"[(117, 3), (100, 4)]",7,2023-02-15 10:57:36.999404691
Cust00077,2023-02-15 09:23:02.277428009,"[(211, 4), (79, 4), (10, 1), (149, 2), (102, 3), (143, 1), (25, 4), (57, 3), (3, 9), (338, 1)]",32,2023-02-15 11:19:02.277428009
Cust00078,2023-02-15 09:24:01.815482229,"[(23, 3)]",3,2023-02-15 11:02:01.815482229
Cust00079,2023-02-15 09:26:39.395380942,"[(327, 2)]",2,2023-02-15 10:35:39.395380942
Cust00080,2023-02-15 09:28:37.495633377,"[(76, 4), (224, 1), (40, 3), (85, 2)]",10,2023-02-15 11:06:37.495633377
Cust00081,2023-02-15 09:29:20.691592180,"[(214, 2)]",2,2023-02-15 10:56:20.691592180
Cust00082,2023-02-15 09:31:39.862726527,"[(129, 3)]",3,2023-02-15 11:14:39.862726527
Cust00083,2023-02-15 09:32:21.902618087,"[(4, 1), (125, 1), (234, 1)]",3,2023-02-15 11:01:21.902618087
Cust00084,2023-02-15 09:38:37.732838315,"[(40, 3)]",3,2023-02-15 11:22:37.732838315
Cust00085,2023-02-15 09:39:53.730876586,"[(43, 3), (35, 1), (8, 1)]",5,2023-02-15 11:13:53.730876586
Cust00086,2023-02-15 09:40:19.995829899,"[(176, 8)]",8,2023-02-15 11:11:19.995829899
Cust00087,2023-02-15 09:40:43.047162172,"[(117, 5), (225, 2)]",7,2023-02-15 10:58:43.047162172
Cust00088,2023-02-15 09:41:16.097775068,"[(191, 7), (11, 4), (123, 1)]",12,2023-02-15 10:46:16.097775068
Cust00089,2023-02-15 09:41:31.386786611,"[(67, 4), (43, 4), (79, 4), (224, 2)]",14,2023-02-15 11:37:31.386786611
Cust00090,2023-02-15 09:42:25.210332137,"[(77, 2), (311, 4), (187, 10)]",16,2023-02-15 10:31:25.210332137
Cust00091,2023-02-15 09:42:47.321002058,"[(19, 2), (132, 2), (27, 1), (24, 2)]",7,2023-02-15 11:11:47.321002058
Cust00092,2023-02-15 09:42:58.972299248,"[(97, 4), (105, 3), (259, 1)]",8,2023-02-15 11:41:58.972299248
Cust00093,2023-02-15 09:46:10.188029142,"[(104, 3)]",3,2023-02-15 11:41:10.188029142
Cust00094,2023-02-15 09:47:16.870697011,"[(87, 3), (56, 1), (29, 3)]",7,2023-02-15 11:18:16.870697011
Cust00095,2023-02-15 09:48:22.552934147,"[(89, 4), (304, 2), (22, 2), (8, 2)]",10,2023-02-15 11:41:22.552934147
Cust00096,2023-02-15 09:50:07.188283579,"[(326, 3), (202, 2)]",5,2023-02-15 11:24:07.188283579
Cust00097,2023-02-15 09:50:32.695616518,"[(92, 2), (160, 3)]",5,2023-02-15 10:52:32.695616518
Cust00098,2023-02-15 09:51:03.228353268,"[(46, 1)]",1,2023-02-15 10:25:03.228353268
Cust00099,2023-02-15 09:53:00.437704595,"[(14, 1), (166, 4), (24, 1)]",6,2023-02-15 11:09:00.437704595
Cust00100,2023-02-15 09:53:11.790224828,"[(156, 4)]",4,2023-02-15 10:59:11.790224828
Cust00101,2023-02-15 09:53:28.923483473,"[(139, 2)]",2,2023-02-15 11:41:28.923483473
Cust00102,2023-02-15 09:54:10.392787730,"[(1, 2), (43, 2)]",4,2023-02-15 11:02:10.392787730
Cust00103,2023-02-15 09:54:45.070342294,"[(355, 1), (13, 1)]",2,2023-02-15 11:45:45.070342294
Cust00104,2023-02-15 09:58:25.216783230,"[(248, 2)]",2,2023-02-15 11:43:25.216783230
Cust00105,2023-02-15 09:59:04.400135560,"[(148, 1), (173, 1), (230, 4)]",6,2023-02-15 11:29:04.400135560
Cust00106,2023-02-15 09:59:38.735749744,"[(195, 4), (189, 3), (4, 4)]",11,2023-02-15 11:09:38.735749744
Cust00107,2023-02-15 10:00:41.000150987,"[(65, 3), (83, 3), (157, 1)]",7,2023-02-15 10:50:41.000150987
Cust00108,2023-02-15 10:01:01.363449891,"[(30, 1)]",1,2023-02-15 11:31:01.363449891
Cust00109,2023-02-15 10:01:24.253854951,"[(89, 1), (59, 1)]",2,2023-02-15 11:12:24.253854951
Cust00110,2023-02-15 10:02:32.039743245,"[(238, 4), (88, 1)]",5,2023-02-15 10:34:32.039743245
Cust00111,2023-02-15 10:04:23.278547222,"[(98, 1), (18, 1), (25, 4)]",6,2023-02-15 11:44:23.278547222
Cust00112,2023-02-15 10:05:57.790402714,"[(66, 2), (114, 2)]",4,2023-02-15 10:48:57.790402714
Cust00113,2023-02-15 10:06:39.690795621,"[(23, 4)]",4,2023-02-15 11:24:39.690795621
Cust00114,2023-02-15 10:06:56.154771416,"[(147, 2)]",2,2023-02-15 10:44:56.154771416
Cust00115,2023-02-15 10:08:14.751767756,"[(155, 2), (69, 1), (41, 4)]",7,2023-02-15 11:38:14.751767756
Cust00116,2023-02-15 10:09:18.518399677,"[(112, 1), (119, 3), (189, 3)]",7,2023-02-15 12:08:18.518399677
Cust00117,2023-02-15 10:09:59.523014304,"[(11, 3), (8, 1), (354, 2)]",6,2023-02-15 10:55:59.523014304
Cust00118,2023-02-15 10:13:09.701960296,"[(6, 4), (113, 2)]",6,2023-02-15 11:14:09.701960296
Cust00119,2023-02-15 10:14:41.037187753,"[(74, 2), (271, 3)]",5,2023-02-15 10:56:41.037187753
Cust00120,2023-02-15 10:15:39.075986720,"[(20, 3), (109, 5), (173, 2), (169, 4)]",14,2023-02-15 11:38:39.075986720
Cust00121,2023-02-15 10:16:37.065370498,"[(191, 5)]",5,2023-02-15 12:12:37.065370498
Cust00122,2023-02-15 10:17:38.893102304,"[(109, 4), (170, 2)]",6,2023-02-15 12:14:38.893102304
Cust00123,2023-02-15 10:18:01.549718911,"[(285, 3), (208, 1)]",4,2023-02-15 10:52:01.549718911
Cust00124,2023-02-15 10:18:28.586443475,"[(245, 2), (120, 2), (3, 4), (294, 3)]",11,2023-02-15 11:09:28.586443475
Cust00125,2023-02-15 10:18:36.352266987,"[(222, 4), (99, 10)]",14,2023-02-15 11:37:36.352266987
Cust00126,2023-02-15 10:19:38.302795720,"[(40, 3), (138, 4), (60, 1), (10, 4)]",12,2023-02-15 11:26:38.302795720
Cust00127,2023-02-15 10:20:14.995798259,"[(278, 4), (57, 4), (16, 1)]",9,2023-02-15 10:56:14.995798259
Cust00128,2023-02-15 10:20:23.085266012,"[(81, 2), (209, 4), (41, 3)]",9,2023-02-15 11:41:23.085266012
Cust00129,2023-02-15 10:20:37.108624224,"[(6, 2), (205, 1)]",3,2023-02-15 11:26:37.108624224
Cust00130,2023-02-15 10:22:14.150256371,"[(139, 2)]",2,2023-02-15 12:06:14.150256371
Cust00131,2023-02-15 10:24:07.247219405,"[(248, 4), (180, 1)]",5,2023-02-15 12:11:07.247219405
Cust00132,2023-02-15 10:25:11.513006783,"[(41, 2)]",2,2023-02-15 12:03:11.513006783
Cust00133,2023-02-15 10:25:18.541464840,"[(132, 4), (102, 3), (95, 3), (116, 6), (156, 4)]",20,2023-02-15 11:09:18.541464840
Cust00134,2023-02-15 10:27:02.751606134,"[(137, 1)]",1,2023-02-15 11:54:02.751606134
Cust00135,2023-02-15 10:29:15.388408902,"[(235, 4), (263, 3), (121, 1)]",8,2023-02-15 11:46:15.388408902
Cust00136,2023-02-15 10:29:17.545435356,"[(99, 1), (150, 4), (220, 1)]",6,2023-02-15 12:18:17.545435356
Cust00137,2023-02-15 10:31:26.405243155,"[(50, 1), (14, 2), (186, 2)]",5,2023-02-15 11:52:26.405243155
Cust00138,2023-02-15 10:32:35.800511807,"[(1, 1), (2, 1), (46, 3)]",5,2023-02-15 12:29:35.800511807
Cust00139,2023-02-15 10:33:49.897736841,"[(174, 4), (75, 3)]",7,2023-02-15 12:02:49.897736841
Cust00140,2023-02-15 10:34:09.347747440,"[(28, 1), (5, 1), (72, 3), (43, 4)]",9,2023-02-15 11:14:09.347747440
Cust00141,2023-02-15 10:34:12.197751013,"[(94, 2)]",2,2023-02-15 11:23:12.197751013
Cust00142,2023-02-15 10:34:25.722733477,"[(108, 3), (32, 3), (113, 1), (277, 4), (68, 3), (21, 1)]",15,2023-02-15 11:46:25.722733477
Cust00143,2023-02-15 10:34:25.917374376,"[(65, 3), (77, 1), (103, 1)]",5,2023-02-15 12:19:25.917374376
Cust00144,2023-02-15 10:34:28.885788004,"[(134, 2), (44, 2), (22, 1), (331, 4)]",9,2023-02-15 12:27:28.885788004
Cust00145,2023-02-15 10:36:03.417885318,"[(174, 4)]",4,2023-02-15 12:06:03.417885318
Cust00146,2023-02-15 10:36:22.809757589,"[(134, 2)]",2,2023-02-15 11:41:22.809757589
Cust00147,2023-02-15 10:38:16.577844714,"[(86, 1), (32, 3), (149, 3), (4, 1)]",8,2023-02-15 12:10:16.577844714
Cust00148,2023-02-15 10:38:36.120158869,"[(132, 5), (258, 3), (104, 2)]",10,2023-02-15 12:36:36.120158869
Cust00149,2023-02-15 10:39:32.380782532,"[(254, 1), (143, 2), (93, 2)]",5,2023-02-15 11:53:32.380782532
Cust00150,2023-02-15 10:42:49.670626591,"[(53, 1), (337, 1)]",2,2023-02-15 12:29:49.670626591
Cust00151,2023-02-15 10:46:28.270610544,"[(108, 3), (260, 1), (237, 1), (111, 3)]",8,2023-02-15 11:45:28.270610544
Cust00152,2023-02-15 10:47:25.162433120,"[(282, 1)]",1,2023-02-15 11:51:25.162433120
Cust00153,2023-02-15 10:49:46.164258469,"[(236, 2)]",2,2023-02-15 11:34:46.164258469
Cust00154,2023-02-15 10:50:57.296183119,"[(145, 4)]",4,2023-02-15 12:44:57.296183119
Cust00155,2023-02-15 10:51:13.576281439,"[(29, 1), (295, 1)]",2,2023-02-15 11:49:13.576281439
Cust00156,2023-02-15 10:52:02.412352423,"[(95, 8)]",8,2023-02-15 12:43:02.412352423
Cust00157,2023-02-15 10:54:57.098414783,"[(128, 2), (120, 2)]",4,2023-02-15 11:49:57.098414783
Cust00158,2023-02-15 10:55:30.578653588,"[(159, 1), (46, 3), (264, 4)]",8,2023-02-15 11:33:30.578653588
Cust00159,2023-02-15 10:57:31.301545701,"[(5, 1), (192, 2)]",3,2023-02-15 11:41:31.301545701
Cust00160,2023-02-15 11:02:12.673443026,"[(133, 2)]",2,2023-02-15 12:27:12.673443026
Cust00161,2023-02-15 11:02:16.354811326,"[(40, 2)]",2,2023-02-15 11:44:16.354811326
Cust00162,2023-02-15 11:02:50.417406486,"[(124, 1), (362, 4)]",5,2023-02-15 12:05:50.417406486
Cust00163,2023-02-15 11:04:58.073272153,"[(17, 4), (348, 4), (23, 1), (22, 1)]",10,2023-02-15 11:47:58.073272153
Cust00164,2023-02-15 11:07:56.075906950,"[(106, 3)]",3,2023-02-15 12:08:56.075906950
Cust00165,2023-02-15 11:08:23.948187392,"[(79, 3)]",3,2023-02-15 12:18:23.948187392
Cust00166,2023-02-15 11:09:28.447269260,"[(75, 1)]",1,2023-02-15 12:21:28.447269260
Cust00167,2023-02-15 11:09:42.353988505,"[(43, 2), (216, 4), (90, 3), (324, 3), (24, 2), (16, 1), (1, 1), (160, 2)]",18,2023-02-15 12:24:42.353988505
Cust00168,2023-02-15 11:09:48.616958262,"[(6, 4), (29, 1), (134, 1)]",6,2023-02-15 13:01:48.616958262
Cust00169,2023-02-15 11:12:23.892129853,"[(97, 4), (2, 4), (41, 4), (140, 6)]",18,2023-02-15 11:45:23.892129853
Cust00170,2023-02-15 11:12:43.595528884,"[(18, 2), (156, 1)]",3,2023-02-15 11:54:43.595528884
Cust00171,2023-02-15 11:13:50.576554464,"[(13, 4), (305, 4), (239, 3)]",11,2023-02-15 12:30:50.576554464
Cust00172,2023-02-15 11:13:53.871114832,"[(164, 2), (211, 2), (170, 4)]",8,2023-02-15 12:35:53.871114832
Cust00173,2023-02-15 11:14:12.520032394,"[(66, 7), (341, 4), (65, 3), (39, 1)]",15,2023-02-15 12:21:12.520032394
Cust00174,2023-02-15 11:14:25.313378584,"[(26, 1), (14, 4), (79, 4)]",9,2023-02-15 13:08:25.313378584
Cust00175,2023-02-15 11:15:08.326236819,"[(105, 1), (154, 3), (28, 2), (172, 1)]",7,2023-02-15 12:43:08.326236819
Cust00176,2023-02-15 11:15:47.606510053,"[(108, 1), (45, 1)]",2,2023-02-15 13:02:47.606510053
Cust00177,2023-02-15 11:17:02.527336524,"[(132, 2)]",2,2023-02-15 12:05:02.527336524
Cust00178,2023-02-15 11:17:03.937597750,"[(136, 3), (340, 2)]",5,2023-02-15 12:12:03.937597750
Cust00179,2023-02-15 11:17:44.141676576,"[(348, 3), (77, 3), (80, 4)]",10,2023-02-15 13:06:44.141676576
Cust00180,2023-02-15 11:17:48.986943980,"[(7, 9), (6, 1), (106, 3), (93, 2)]",15,2023-02-15 12:42:48.986943980
Cust00181,2023-02-15 11:18:35.024713619,"[(39, 1), (13, 3)]",4,2023-02-15 13:09:35.024713619
Cust00182,2023-02-15 11:19:19.012237455,"[(111, 2), (93, 2)]",4,2023-02-15 12:04:19.012237455
Cust00183,2023-02-15 11:19:28.137384961,"[(46, 3)]",3,2023-02-15 11:50:28.137384961
Cust00184,2023-02-15 11:20:06.765022600,"[(78, 4), (37, 3)]",7,2023-02-15 12:30:06.765022600
Cust00185,2023-02-15 11:20:10.289194223,"[(38, 2), (23, 2), (119, 1)]",5,2023-02-15 12:18:10.289194223
Cust00186,2023-02-15 11:20:27.807723538,"[(100, 1)]",1,2023-02-15 12:18:27.807723538
Cust00187,2023-02-15 11:25:28.839256399,"[(69, 4), (194, 1), (46, 3), (23, 2), (131, 3), (88, 1), (116, 3), (66, 2), (51, 3), (276, 1)]",23,2023-02-15 13:00:28.839256399
Cust00188,2023-02-15 11:25:37.450307941,"[(62, 3), (1, 3)]",6,2023-02-15 11:55:37.450307941
Cust00189,2023-02-15 11:25:56.864260452,"[(74, 2)]",2,2023-02-15 12:25:56.864260452
Cust00190,2023-02-15 11:26:02.691029261,"[(23, 4), (234, 6), (90, 3), (21, 2), (121, 1)]",16,2023-02-15 12:24:02.691029261
Cust00191,2023-02-15 11:26:57.658918598,"[(74, 3), (33, 2)]",5,2023-02-15 12:04:57.658918598
Cust00192,2023-02-15 11:27:18.306475464,"[(23, 2), (7, 1)]",3,2023-02-15 12:34:18.306475464
Cust00193,2023-02-15 11:32:08.333000677,"[(40, 2), (29, 4)]",6,2023-02-15 12:06:08.333000677
Cust00194,2023-02-15 11:33:32.450770657,"[(83, 2), (101, 1), (28, 1), (161, 3)]",7,2023-02-15 12:19:32.450770657
Cust00195,2023-02-15 11:34:11.941087869,"[(215, 3)]",3,2023-02-15 12:46:11.941087869
Cust00196,2023-02-15 11:34:58.353356624,"[(92, 3)]",3,2023-02-15 12:39:58.353356624
Cust00197,2023-02-15 11:36:34.071481180,"[(180, 2), (11, 7), (83, 1), (55, 4)]",14,2023-02-15 12:56:34.071481180
Cust00198,2023-02-15 11:41:15.732110476,"[(2, 1), (220, 3), (258, 1)]",5,2023-02-15 12:33:15.732110476
Cust00199,2023-02-15 11:41:56.666844789,"[(254, 3), (86, 1), (178, 1)]",5,2023-02-15 13:23:56.666844789
Cust00200,2023-02-15 11:43:26.122255739,"[(252, 1), (65, 3), (53, 4), (123, 1), (122, 3), (13, 4)]",16,2023-02-15 12:27:26.122255739
Cust00201,2023-02-15 11:43:33.642794994,"[(137, 1)]",1,2023-02-15 12:34:33.642794994
Cust00202,2023-02-15 11:43:45.145247018,"[(154, 3), (19, 2)]",5,2023-02-15 13:37:45.145247018
Cust00203,2023-02-15 11:49:40.128066552,"[(228, 3), (141, 1), (135, 2)]",6,2023-02-15 12:38:40.128066552
Cust00204,2023-02-15 11:50:28.195553767,"[(10, 4), (148, 4), (102, 4), (131, 3), (97, 2), (142, 1), (261, 4), (114, 1)]",23,2023-02-15 13:25:28.195553767
Cust00205,2023-02-15 11:50:30.436547596,"[(136, 3), (3, 2)]",5,2023-02-15 13:28:30.436547596
Cust00206,2023-02-15 11:50:36.417074433,"[(83, 4), (9, 3), (131, 3), (36, 1)]",11,2023-02-15 12:55:36.417074433
Cust00207,2023-02-15 11:51:36.569526064,"[(65, 1)]",1,2023-02-15 13:51:36.569526064
Cust00208,2023-02-15 11:55:38.980347775,"[(53, 1)]",1,2023-02-15 13:10:38.980347775
Cust00209,2023-02-15 11:56:06.811039909,"[(236, 4), (50, 2)]",6,2023-02-15 12:57:06.811039909
Cust00210,2023-02-15 11:57:10.191826665,"[(44, 3), (24, 2)]",5,2023-02-15 12:38:10.191826665
Cust00211,2023-02-15 11:57:43.527177877,"[(7, 1), (212, 1), (307, 5)]",7,2023-02-15 12:38:43.527177877
Cust00212,2023-02-15 11:57:54.285200004,"[(23, 2), (50, 1), (35, 3), (109, 3)]",9,2023-02-15 12:52:54.285200004
Cust00213,2023-02-15 12:03:18.659063193,"[(62, 3), (266, 3)]",6,2023-02-15 12:58:18.659063193
Cust00214,2023-02-15 12:04:37.290183678,"[(159, 3), (5, 3), (15, 2), (11, 1)]",9,2023-02-15 13:33:37.290183678
Cust00215,2023-02-15 12:05:07.241944967,"[(6, 10), (146, 4), (141, 1)]",15,2023-02-15 13:43:07.241944967
Cust00216,2023-02-15 12:05:42.439341213,"[(73, 5), (76, 2)]",7,2023-02-15 13:24:42.439341213
Cust00217,2023-02-15 12:10:29.417596386,"[(81, 4), (144, 9)]",13,2023-02-15 14:02:29.417596386
Cust00218,2023-02-15 12:12:24.959492560,"[(108, 1), (135, 1), (37, 1)]",3,2023-02-15 13:13:24.959492560
Cust00219,2023-02-15 12:12:39.379871080,"[(102, 5)]",5,2023-02-15 13:16:39.379871080
Cust00220,2023-02-15 12:15:12.649753578,"[(368, 2)]",2,2023-02-15 14:11:12.649753578
Cust00221,2023-02-15 12:19:02.479218384,"[(99, 4)]",4,2023-02-15 14:05:02.479218384
Cust00222,2023-02-15 12:19:24.410357290,"[(8, 2), (65, 1), (235, 1)]",4,2023-02-15 12:55:24.410357290
Cust00223,2023-02-15 12:19:31.378089840,"[(157, 3)]",3,2023-02-15 13:44:31.378089840
Cust00224,2023-02-15 12:19:40.085106960,"[(113, 4), (42, 4)]",8,2023-02-15 14:02:40.085106960
Cust00225,2023-02-15 12:19:46.724370201,"[(8, 1), (99, 4), (85, 2)]",7,2023-02-15 13:02:46.724370201
Cust00226,2023-02-15 12:20:38.810787281,"[(301, 1), (201, 1), (291, 1), (175, 2)]",5,2023-02-15 13:14:38.810787281
Cust00227,2023-02-15 12:21:05.120414839,"[(332, 3)]",3,2023-02-15 14:05:05.120414839
Cust00228,2023-02-15 12:23:18.826514061,"[(117, 2), (69, 3), (36, 2), (60, 2)]",9,2023-02-15 13:03:18.826514061
Cust00229,2023-02-15 12:23:19.342379207,"[(117, 3)]",3,2023-02-15 13:09:19.342379207
Cust00230,2023-02-15 12:23:44.839794613,"[(267, 1), (127, 1), (37, 4), (171, 4)]",10,2023-02-15 12:57:44.839794613
Cust00231,2023-02-15 12:23:48.982606950,"[(209, 1), (7, 3), (293, 4)]",8,2023-02-15 14:00:48.982606950
Cust00232,2023-02-15 12:26:27.152931802,"[(98, 3), (126, 2), (106, 1)]",6,2023-02-15 12:57:27.152931802
Cust00233,2023-02-15 12:27:38.128375357,"[(199, 1)]",1,2023-02-15 13:04:38.128375357
Cust00234,2023-02-15 12:29:16.409194878,"[(134, 1), (26, 1), (33, 1)]",3,2023-02-15 13:52:16.409194878
Cust00235,2023-02-15 12:30:00.966880704,"[(82, 4), (35, 10), (12, 2)]",16,2023-02-15 13:55:00.966880704
Cust00236,2023-02-15 12:30:18.123356376,"[(138, 4), (71, 2), (7, 1), (70, 4), (273, 3), (32, 2)]",16,2023-02-15 13:11:18.123356376
Cust00237,2023-02-15 12:30:38.993485216,"[(97, 2), (2, 1), (217, 8), (208, 3), (177, 9), (103, 1), (37, 1), (131, 1), (223, 1)]",27,2023-02-15 13:48:38.993485216
Cust00238,2023-02-15 12:30:45.873784081,"[(13, 4)]",4,2023-02-15 13:33:45.873784081
Cust00239,2023-02-15 12:32:27.387398407,"[(61, 4)]",4,2023-02-15 13:36:27.387398407
Cust00240,2023-02-15 12:32:42.818361860,"[(12, 1), (104, 2), (58, 1), (99, 2)]",6,2023-02-15 13:51:42.818361860
Cust00241,2023-02-15 12:33:17.800089655,"[(46, 3)]",3,2023-02-15 14:19:17.800089655
Cust00242,2023-02-15 12:35:50.810551486,"[(45, 4)]",4,2023-02-15 14:32:50.810551486
Cust00243,2023-02-15 12:37:35.353961227,"[(54, 4), (269, 1), (191, 1)]",6,2023-02-15 14:14:35.353961227
Cust00244,2023-02-15 12:40:16.587030347,"[(32, 2), (37, 4), (155, 2)]",8,2023-02-15 13:48:16.587030347
Cust00245,2023-02-15 12:40:20.875405590,"[(364, 1)]",1,2023-02-15 14:35:20.875405590
Cust00246,2023-02-15 12:41:10.367738675,"[(339, 3), (25, 2), (151, 3)]",8,2023-02-15 13:21:10.367738675
Cust00247,2023-02-15 12:41:26.727882822,"[(60, 2), (113, 1), (139, 3), (363, 4), (28, 4), (49, 2)]",16,2023-02-15 14:24:26.727882822
Cust00248,2023-02-15 12:41:38.092599559,"[(140, 2), (258, 4), (13, 4)]",10,2023-02-15 14:00:38.092599559
Cust00249,2023-02-15 12:41:54.043900292,"[(12, 1), (113, 2), (248, 2)]",5,2023-02-15 13:13:54.043900292
Cust00250,2023-02-15 12:42:11.630195978,"[(8, 3), (122, 3), (177, 2), (187, 2)]",10,2023-02-15 14:19:11.630195978
Cust00251,2023-02-15 12:42:20.495302747,"[(36, 1)]",1,2023-02-15 14:27:20.495302747
Cust00252,2023-02-15 12:42:36.720492790,"[(219, 1), (133, 2)]",3,2023-02-15 14:37:36.720492790
Cust00253,2023-02-15 12:43:03.928200718,"[(207, 3)]",3,2023-02-15 13:37:03.928200718
Cust00254,2023-02-15 12:43:16.555779124,"[(45, 4), (24, 2)]",6,2023-02-15 13:19:16.555779124
Cust00255,2023-02-15 12:44:13.555759102,"[(111, 1), (77, 4), (133, 4), (58, 2)]",11,2023-02-15 14:44:13.555759102
Cust00256,2023-02-15 12:45:09.119268064,"[(267, 2), (112, 1), (25, 1), (81, 1)]",5,2023-02-15 13:15:09.119268064
Cust00257,2023-02-15 12:45:57.771428448,"[(79, 3), (334, 3)]",6,2023-02-15 14:18:57.771428448
Cust00258,2023-02-15 12:46:03.830773606,"[(7, 2), (47, 2), (51, 3), (46, 1)]",8,2023-02-15 13:39:03.830773606
Cust00259,2023-02-15 12:46:25.123936750,"[(56, 4), (133, 3)]",7,2023-02-15 13:40:25.123936750
Cust00260,2023-02-15 12:46:36.897778400,"[(45, 1), (33, 1)]",2,2023-02-15 14:16:36.897778400
Cust00261,2023-02-15 12:47:26.817249984,"[(143, 1)]",1,2023-02-15 13:55:26.817249984
Cust00262,2023-02-15 12:49:49.578033087,"[(27, 2)]",2,2023-02-15 13:22:49.578033087
Cust00263,2023-02-15 12:50:24.598936707,"[(45, 4)]",4,2023-02-15 14:25:24.598936707
Cust00264,2023-02-15 12:51:49.911451084,"[(166, 1), (154, 4)]",5,2023-02-15 13:26:49.911451084
Cust00265,2023-02-15 12:52:05.804197473,"[(57, 1), (132, 2), (80, 1), (63, 4)]",8,2023-02-15 13:25:05.804197473
Cust00266,2023-02-15 12:52:40.276822653,"[(43, 2), (201, 1)]",3,2023-02-15 14:08:40.276822653
Cust00267,2023-02-15 12:55:18.143811683,"[(26, 1), (84, 1), (58, 3), (77, 2)]",7,2023-02-15 14:18:18.143811683
Cust00268,2023-02-15 12:56:01.454787781,"[(224, 2), (296, 3)]",5,2023-02-15 13:30:01.454787781
Cust00269,2023-02-15 12:56:49.006935460,"[(90, 4), (204, 1), (73, 1)]",6,2023-02-15 14:19:49.006935460
Cust00270,2023-02-15 12:57:52.981714099,"[(132, 1)]",1,2023-02-15 13:29:52.981714099
Cust00271,2023-02-15 12:58:42.554254074,"[(252, 3), (81, 1)]",4,2023-02-15 13:58:42.554254074
Cust00272,2023-02-15 12:59:19.979798279,"[(108, 2), (216, 2)]",4,2023-02-15 13:33:19.979798279
Cust00273,2023-02-15 13:00:28.199034087,"[(106, 4), (211, 3)]",7,2023-02-15 14:13:28.199034087
Cust00274,2023-02-15 13:00:36.146042147,"[(141, 1)]",1,2023-02-15 14:51:36.146042147
Cust00275,2023-02-15 13:01:13.611741127,"[(217, 3), (17, 1), (264, 4), (145, 1)]",9,2023-02-15 13:34:13.611741127
Cust00276,2023-02-15 13:01:18.757373403,"[(141, 1), (135, 1), (149, 2)]",4,2023-02-15 13:43:18.757373403
Cust00277,2023-02-15 13:01:56.386876280,"[(116, 4)]",4,2023-02-15 14:51:56.386876280
Cust00278,2023-02-15 13:02:10.057726875,"[(16, 1), (10, 1)]",2,2023-02-15 13:57:10.057726875
Cust00279,2023-02-15 13:03:04.277075286,"[(106, 4)]",4,2023-02-15 14:05:04.277075286
Cust00280,2023-02-15 13:04:08.826466428,"[(76, 1), (4, 3)]",4,2023-02-15 13:35:08.826466428
Cust00281,2023-02-15 13:04:47.085371626,"[(2, 1), (169, 3)]",4,2023-02-15 13:41:47.085371626
Cust00282,2023-02-15 13:05:26.328361799,"[(289, 3), (112, 3), (217, 3)]",9,2023-02-15 13:52:26.328361799
Cust00283,2023-02-15 13:06:17.719703264,"[(259, 3), (232, 3)]",6,2023-02-15 14:00:17.719703264
Cust00284,2023-02-15 13:06:49.708150012,"[(155, 2)]",2,2023-02-15 13:36:49.708150012
Cust00285,2023-02-15 13:10:12.983616759,"[(43, 1), (140, 10)]",11,2023-02-15 14:51:12.983616759
Cust00286,2023-02-15 13:11:28.153426116,"[(97, 4)]",4,2023-02-15 14:32:28.153426116
Cust00287,2023-02-15 13:13:07.765496688,"[(222, 4), (103, 2), (264, 4)]",10,2023-02-15 14:44:07.765496688
Cust00288,2023-02-15 13:14:00.550847266,"[(8, 4), (42, 3)]",7,2023-02-15 14:41:00.550847266
Cust00289,2023-02-15 13:16:08.412049815,"[(225, 4)]",4,2023-02-15 14:47:08.412049815
Cust00290,2023-02-15 13:18:45.237622743,"[(120, 9)]",9,2023-02-15 14:36:45.237622743
Cust00291,2023-02-15 13:18:48.836046927,"[(278, 4), (1, 1), (266, 4), (211, 2)]",11,2023-02-15 14:14:48.836046927
Cust00292,2023-02-15 13:19:06.715268925,"[(38, 2), (117, 2), (27, 2), (57, 4)]",10,2023-02-15 13:52:06.715268925
Cust00293,2023-02-15 13:20:04.799481192,"[(35, 3), (84, 4), (227, 2)]",9,2023-02-15 14:37:04.799481192
Cust00294,2023-02-15 13:21:31.914642612,"[(200, 1), (11, 3)]",4,2023-02-15 14:09:31.914642612
Cust00295,2023-02-15 13:22:08.576511578,"[(42, 10)]",10,2023-02-15 14:56:08.576511578
Cust00296,2023-02-15 13:23:52.284994465,"[(100, 1), (44, 1), (191, 3), (55, 1)]",6,2023-02-15 15:10:52.284994465
Cust00297,2023-02-15 13:24:20.468667647,"[(87, 9), (15, 3), (50, 1), (182, 1)]",14,2023-02-15 14:24:20.468667647
Cust00298,2023-02-15 13:24:38.497308506,"[(116, 1), (357, 2), (221, 1), (144, 2)]",6,2023-02-15 14:32:38.497308506
Cust00299,2023-02-15 13:25:47.973027714,"[(67, 3), (173, 4), (144, 3), (113, 3), (31, 2), (85, 1), (164, 2), (349, 1), (123, 4)]",23,2023-02-15 15:01:47.973027714
Cust00300,2023-02-15 13:26:10.274147799,"[(30, 7), (210, 1)]",8,2023-02-15 14:02:10.274147799
Cust00301,2023-02-15 13:26:30.249065064,"[(33, 1), (88, 2)]",3,2023-02-15 15:05:30.249065064
Cust00302,2023-02-15 13:27:14.399642929,"[(100, 3), (93, 2)]",5,2023-02-15 14:17:14.399642929
Cust00303,2023-02-15 13:27:23.880519704,"[(20, 2), (78, 4), (176, 1), (97, 4), (206, 4), (340, 3), (174, 3), (169, 1), (109, 10)]",32,2023-02-15 15:04:23.880519704
Cust00304,2023-02-15 13:27:53.726693960,"[(11, 4), (6, 3), (111, 1), (167, 2), (37, 2), (95, 3)]",15,2023-02-15 15:05:53.726693960
Cust00305,2023-02-15 13:31:20.588473515,"[(17, 4), (66, 4)]",8,2023-02-15 14:21:20.588473515
Cust00306,2023-02-15 13:31:28.392337523,"[(81, 1)]",1,2023-02-15 15:27:28.392337523
Cust00307,2023-02-15 13:31:30.324042681,"[(284, 4)]",4,2023-02-15 15:06:30.324042681
Cust00308,2023-02-15 13:31:39.760964555,"[(103, 1), (27, 4), (76, 4), (105, 1)]",10,2023-02-15 15:28:39.760964555
Cust00309,2023-02-15 13:31:40.951598182,"[(198, 1)]",1,2023-02-15 14:28:40.951598182
Cust00310,2023-02-15 13:32:08.054489382,"[(101, 4), (122, 1), (39, 1), (84, 3), (174, 3), (62, 2), (10, 1)]",15,2023-02-15 15:05:08.054489382
Cust00311,2023-02-15 13:33:38.050165695,"[(189, 4)]",4,2023-02-15 14:45:38.050165695
Cust00312,2023-02-15 13:34:17.103986685,"[(85, 1), (14, 3), (58, 2)]",6,2023-02-15 14:58:17.103986685
Cust00313,2023-02-15 13:35:10.169377934,"[(71, 1)]",1,2023-02-15 15:07:10.169377934
Cust00314,2023-02-15 13:36:14.486869895,"[(26, 6), (306, 2)]",8,2023-02-15 14:15:14.486869895
Cust00315,2023-02-15 13:36:16.167872137,"[(32, 4), (88, 1), (114, 1), (305, 6)]",12,2023-02-15 14:30:16.167872137
Cust00316,2023-02-15 13:36:19.759211653,"[(170, 4), (319, 2)]",6,2023-02-15 14:46:19.759211653
Cust00317,2023-02-15 13:40:11.235497832,"[(177, 1), (9, 3)]",4,2023-02-15 15:10:11.235497832
Cust00318,2023-02-15 13:43:16.296703249,"[(60, 3)]",3,2023-02-15 14:30:16.296703249
Cust00319,2023-02-15 13:44:42.375165482,"[(5, 2), (293, 4)]",6,2023-02-15 15:11:42.375165482
Cust00320,2023-02-15 13:45:12.219619600,"[(55, 1), (271, 3), (151, 2), (246, 2), (272, 2), (81, 4), (236, 3), (339, 1), (139, 1), (43, 1)]",20,2023-02-15 14:39:12.219619600
Cust00321,2023-02-15 13:45:36.564390310,"[(376, 2), (5, 1)]",3,2023-02-15 15:18:36.564390310
Cust00322,2023-02-15 13:46:03.035201619,"[(115, 1)]",1,2023-02-15 14:56:03.035201619
Cust00323,2023-02-15 13:47:02.436060864,"[(183, 1)]",1,2023-02-15 14:19:02.436060864
Cust00324,2023-02-15 13:49:36.533477814,"[(182, 1), (134, 3)]",4,2023-02-15 14:26:36.533477814
Cust00325,2023-02-15 13:50:27.861528952,"[(44, 3)]",3,2023-02-15 14:30:27.861528952
Cust00326,2023-02-15 13:50:34.769282540,"[(9, 4), (231, 2)]",6,2023-02-15 14:49:34.769282540
Cust00327,2023-02-15 13:51:20.263094886,"[(76, 1), (2, 2), (9, 1), (92, 4)]",8,2023-02-15 14:29:20.263094886
Cust00328,2023-02-15 13:51:47.754609515,"[(235, 1), (47, 4)]",5,2023-02-15 14:43:47.754609515
Cust00329,2023-02-15 13:52:00.645236181,"[(151, 3), (190, 4), (175, 4)]",11,2023-02-15 15:18:00.645236181
Cust00330,2023-02-15 13:54:13.551780700,"[(42, 1), (91, 4), (26, 1), (325, 1)]",7,2023-02-15 14:55:13.551780700
Cust00331,2023-02-15 13:54:46.412609412,"[(79, 1), (82, 3)]",4,2023-02-15 15:47:46.412609412
Cust00332,2023-02-15 13:56:21.666800740,"[(218, 4)]",4,2023-02-15 14:29:21.666800740
Cust00333,2023-02-15 13:57:09.744126726,"[(206, 4), (198, 1), (348, 2)]",7,2023-02-15 14:37:09.744126726
Cust00334,2023-02-15 13:57:24.420076966,"[(108, 2), (165, 2), (283, 1)]",5,2023-02-15 15:31:24.420076966
Cust00335,2023-02-15 13:58:09.344055001,"[(132, 1), (152, 7), (193, 1), (82, 1)]",10,2023-02-15 15:14:09.344055001
Cust00336,2023-02-15 14:00:40.300397691,"[(20, 2)]",2,2023-02-15 15:59:40.300397691
Cust00337,2023-02-15 14:01:21.445998887,"[(14, 2), (286, 10), (83, 1), (84, 2), (81, 1), (77, 1)]",17,2023-02-15 15:10:21.445998887
Cust00338,2023-02-15 14:03:56.937451579,"[(115, 3)]",3,2023-02-15 14:40:56.937451579
Cust00339,2023-02-15 14:04:14.439545482,"[(118, 4)]",4,2023-02-15 15:33:14.439545482
Cust00340,2023-02-15 14:04:19.492158449,"[(75, 4), (339, 4), (127, 4)]",12,2023-02-15 14:53:19.492158449
Cust00341,2023-02-15 14:04:38.373618136,"[(9, 3), (138, 1)]",4,2023-02-15 15:14:38.373618136
Cust00342,2023-02-15 14:04:53.819686429,"[(93, 3), (58, 4), (44, 2), (78, 3), (53, 3), (355, 2), (31, 3), (3, 3), (20, 1), (250, 1)]",25,2023-02-15 15:53:53.819686429
Cust00343,2023-02-15 14:05:10.117566826,"[(207, 3), (156, 1), (184, 1)]",5,2023-02-15 15:53:10.117566826
Cust00344,2023-02-15 14:06:26.476756082,"[(210, 2)]",2,2023-02-15 16:02:26.476756082
Cust00345,2023-02-15 14:07:20.556100020,"[(122, 4), (115, 4), (36, 1), (11, 4)]",13,2023-02-15 15:25:20.556100020
Cust00346,2023-02-15 14:07:43.077138096,"[(202, 3), (181, 3), (36, 1)]",7,2023-02-15 15:52:43.077138096
Cust00347,2023-02-15 14:07:51.317866863,"[(126, 1), (73, 2), (139, 1)]",4,2023-02-15 15:05:51.317866863
Cust00348,2023-02-15 14:10:18.846437565,"[(74, 2)]",2,2023-02-15 15:12:18.846437565
Cust00349,2023-02-15 14:10:25.599986085,"[(92, 2), (196, 1), (175, 2), (108, 2)]",7,2023-02-15 15:34:25.599986085
Cust00350,2023-02-15 14:10:32.139361812,"[(203, 2), (263, 1)]",3,2023-02-15 15:27:32.139361812
Cust00351,2023-02-15 14:11:18.824757488,"[(39, 2)]",2,2023-02-15 15:38:18.824757488
Cust00352,2023-02-15 14:11:27.081596387,"[(20, 2), (81, 3), (82, 4), (280, 1)]",10,2023-02-15 16:10:27.081596387
Cust00353,2023-02-15 14:13:33.578716504,"[(28, 1), (73, 4), (104, 2)]",7,2023-02-15 15:56:33.578716504
Cust00354,2023-02-15 14:14:01.945483066,"[(286, 3)]",3,2023-02-15 15:09:01.945483066
Cust00355,2023-02-15 14:14:16.291819324,"[(96, 1), (154, 3), (41, 3), (295, 2), (202, 2), (145, 2), (54, 4), (12, 4), (318, 7), (162, 1)]",29,2023-02-15 15:46:16.291819324
Cust00356,2023-02-15 14:14:23.300541542,"[(9, 1), (222, 3), (90, 3), (82, 4)]",11,2023-02-15 15:36:23.300541542
Cust00357,2023-02-15 14:14:46.967866598,"[(67, 4), (261, 1), (196, 1), (121, 3)]",9,2023-02-15 14:59:46.967866598
Cust00358,2023-02-15 14:17:08.464030254,"[(317, 1), (155, 2), (185, 1), (35, 3), (67, 4), (120, 4), (172, 3)]",18,2023-02-15 15:46:08.464030254
Cust00359,2023-02-15 14:17:18.864204072,"[(185, 6)]",6,2023-02-15 14:56:18.864204072
Cust00360,2023-02-15 14:20:27.622611430,"[(5, 1), (259, 1), (97, 3)]",5,2023-02-15 16:00:27.622611430
Cust00361,2023-02-15 14:20:32.738644128,"[(39, 2), (20, 2)]",4,2023-02-15 16:18:32.738644128
Cust00362,2023-02-15 14:20:41.804877055,"[(16, 4)]",4,2023-02-15 16:02:41.804877055
Cust00363,2023-02-15 14:21:10.335539521,"[(237, 2)]",2,2023-02-15 14:52:10.335539521
Cust00364,2023-02-15 14:23:09.478546928,"[(180, 4)]",4,2023-02-15 15:12:09.478546928
Cust00365,2023-02-15 14:23:10.520104154,"[(1, 2)]",2,2023-02-15 15:14:10.520104154
Cust00366,2023-02-15 14:23:23.209853542,"[(253, 1)]",1,2023-02-15 15:21:23.209853542
Cust00367,2023-02-15 14:24:49.892296654,"[(342, 1), (6, 4)]",5,2023-02-15 15:20:49.892296654
Cust00368,2023-02-15 14:25:59.451329970,"[(109, 1)]",1,2023-02-15 16:14:59.451329970
Cust00369,2023-02-15 14:26:52.714976623,"[(86, 1), (36, 3)]",4,2023-02-15 15:52:52.714976623
Cust00370,2023-02-15 14:28:22.134187006,"[(124, 1), (90, 1), (164, 4), (37, 4)]",10,2023-02-15 15:10:22.134187006
Cust00371,2023-02-15 14:30:03.188400214,"[(100, 1), (25, 2), (121, 2), (63, 3), (61, 1), (163, 3), (13, 4), (6, 4), (150, 4)]",24,2023-02-15 15:58:03.188400214
Cust00372,2023-02-15 14:32:49.133154082,"[(25, 4)]",4,2023-02-15 15:18:49.133154082
Cust00373,2023-02-15 14:35:30.139421164,"[(154, 1)]",1,2023-02-15 15:19:30.139421164
Cust00374,2023-02-15 14:35:52.049398268,"[(245, 1), (191, 1), (150, 4), (69, 3)]",9,2023-02-15 15:29:52.049398268
Cust00375,2023-02-15 14:38:06.956271858,"[(242, 2)]",2,2023-02-15 16:13:06.956271858
Cust00376,2023-02-15 14:38:31.792326059,"[(78, 9), (48, 4)]",13,2023-02-15 16:10:31.792326059
Cust00377,2023-02-15 14:40:04.460278297,"[(11, 1), (111, 1), (86, 2), (34, 1)]",5,2023-02-15 16:32:04.460278297
Cust00378,2023-02-15 14:40:18.796351070,"[(64, 2)]",2,2023-02-15 16:40:18.796351070
Cust00379,2023-02-15 14:41:56.941281902,"[(177, 9), (195, 1)]",10,2023-02-15 15:28:56.941281902
Cust00380,2023-02-15 14:43:36.553179021,"[(10, 7), (236, 3)]",10,2023-02-15 15:42:36.553179021
Cust00381,2023-02-15 14:44:03.011405531,"[(28, 4), (109, 1), (1, 3)]",8,2023-02-15 16:23:03.011405531
Cust00382,2023-02-15 14:45:16.261002770,"[(46, 4), (11, 4), (33, 4)]",12,2023-02-15 15:21:16.261002770
Cust00383,2023-02-15 14:46:02.182514641,"[(146, 4), (45, 8)]",12,2023-02-15 15:41:02.182514641
Cust00384,2023-02-15 14:47:14.131732825,"[(8, 8), (103, 3), (134, 3)]",14,2023-02-15 15:34:14.131732825
Cust00385,2023-02-15 14:49:37.634723473,"[(36, 4), (105, 4)]",8,2023-02-15 16:26:37.634723473
Cust00386,2023-02-15 14:50:22.999844811,"[(45, 1), (26, 4), (157, 1), (105, 1)]",7,2023-02-15 16:27:22.999844811
Cust00387,2023-02-15 14:50:23.929005337,"[(368, 1), (70, 3), (80, 4), (48, 3)]",11,2023-02-15 16:31:23.929005337
Cust00388,2023-02-15 14:50:30.876701467,"[(147, 3), (10, 4), (151, 1)]",8,2023-02-15 15:41:30.876701467
Cust00389,2023-02-15 14:50:34.725718891,"[(243, 3), (166, 1)]",4,2023-02-15 15:53:34.725718891
Cust00390,2023-02-15 14:51:41.264377878,"[(117, 4), (9, 1), (186, 3)]",8,2023-02-15 16:28:41.264377878
Cust00391,2023-02-15 14:52:23.322652833,"[(83, 3), (19, 5), (30, 1)]",9,2023-02-15 15:34:23.322652833
Cust00392,2023-02-15 14:52:54.209552149,"[(22, 1)]",1,2023-02-15 16:26:54.209552149
Cust00393,2023-02-15 14:54:03.237733964,"[(59, 4)]",4,2023-02-15 16:49:03.237733964
Cust00394,2023-02-15 14:54:20.311951523,"[(41, 1), (220, 2)]",3,2023-02-15 15:34:20.311951523
Cust00395,2023-02-15 14:55:23.698476390,"[(34, 3), (254, 1)]",4,2023-02-15 15:54:23.698476390
Cust00396,2023-02-15 14:56:10.154337176,"[(93, 8), (70, 3), (24, 1)]",12,2023-02-15 16:26:10.154337176
Cust00397,2023-02-15 14:57:58.805488083,"[(59, 1), (15, 1), (133, 1)]",3,2023-02-15 15:58:58.805488083
Cust00398,2023-02-15 14:59:41.409210813,"[(95, 1), (68, 10)]",11,2023-02-15 15:36:41.409210813
Cust00399,2023-02-15 15:01:04.399602923,"[(66, 2)]",2,2023-02-15 15:49:04.399602923
Cust00400,2023-02-15 15:02:40.170201210,"[(79, 1)]",1,2023-02-15 16:01:40.170201210
Cust00401,2023-02-15 15:02:44.507215800,"[(9, 1)]",1,2023-02-15 16:07:44.507215800
Cust00402,2023-02-15 15:02:53.977213135,"[(151, 2), (127, 2), (36, 1), (155, 1)]",6,2023-02-15 16:36:53.977213135
Cust00403,2023-02-15 15:02:55.947240752,"[(107, 3)]",3,2023-02-15 16:45:55.947240752
Cust00404,2023-02-15 15:03:34.575961838,"[(162, 1)]",1,2023-02-15 16:35:34.575961838
Cust00405,2023-02-15 15:03:57.278304478,"[(358, 2), (65, 1)]",3,2023-02-15 15:42:57.278304478
Cust00406,2023-02-15 15:04:06.574874592,"[(31, 3)]",3,2023-02-15 16:17:06.574874592
Cust00407,2023-02-15 15:04:22.432731413,"[(186, 2), (16, 2)]",4,2023-02-15 16:38:22.432731413
Cust00408,2023-02-15 15:05:51.965363489,"[(245, 4)]",4,2023-02-15 15:54:51.965363489
Cust00409,2023-02-15 15:05:55.705495747,"[(61, 3), (133, 1), (234, 4), (100, 3)]",11,2023-02-15 15:52:55.705495747
Cust00410,2023-02-15 15:08:07.541661417,"[(73, 5)]",5,2023-02-15 16:04:07.541661417
Cust00411,2023-02-15 15:09:48.544701235,"[(124, 7), (275, 3), (14, 1), (3, 2)]",13,2023-02-15 16:26:48.544701235
Cust00412,2023-02-15 15:11:11.435549587,"[(107, 3)]",3,2023-02-15 17:01:11.435549587
Cust00413,2023-02-15 15:11:26.378236620,"[(131, 1), (86, 2), (103, 2)]",5,2023-02-15 15:43:26.378236620
Cust00414,2023-02-15 15:11:45.671700860,"[(51, 3)]",3,2023-02-15 15:47:45.671700860
Cust00415,2023-02-15 15:12:05.295913568,"[(60, 2), (259, 8), (197, 3)]",13,2023-02-15 16:36:05.295913568
Cust00416,2023-02-15 15:13:30.251593955,"[(199, 2), (95, 2), (67, 4)]",8,2023-02-15 16:10:30.251593955
Cust00417,2023-02-15 15:13:44.021743386,"[(142, 2), (85, 7)]",9,2023-02-15 16:47:44.021743386
Cust00418,2023-02-15 15:14:46.620492482,"[(163, 1), (224, 8), (37, 4)]",13,2023-02-15 17:09:46.620492482
Cust00419,2023-02-15 15:15:40.366431970,"[(303, 2), (2, 4), (5, 10)]",16,2023-02-15 16:40:40.366431970
Cust00420,2023-02-15 15:16:03.508406934,"[(239, 2)]",2,2023-02-15 15:50:03.508406934
Cust00421,2023-02-15 15:17:58.673187721,"[(75, 2), (45, 7)]",9,2023-02-15 17:16:58.673187721
Cust00422,2023-02-15 15:18:11.448723415,"[(9, 2), (88, 3), (114, 1), (16, 1)]",7,2023-02-15 16:15:11.448723415
Cust00423,2023-02-15 15:18:32.787153047,"[(18, 4)]",4,2023-02-15 16:30:32.787153047
Cust00424,2023-02-15 15:18:36.258639817,"[(133, 2)]",2,2023-02-15 16:30:36.258639817
Cust00425,2023-02-15 15:18:37.262845265,"[(65, 3)]",3,2023-02-15 16:49:37.262845265
Cust00426,2023-02-15 15:19:53.260611505,"[(80, 2), (38, 2), (5, 1), (9, 1), (8, 6), (105, 2), (226, 3)]",17,2023-02-15 16:11:53.260611505
Cust00427,2023-02-15 15:21:54.853230716,"[(319, 1)]",1,2023-02-15 17:15:54.853230716
Cust00428,2023-02-15 15:26:54.534160299,"[(3, 3)]",3,2023-02-15 16:40:54.534160299
Cust00429,2023-02-15 15:27:51.762760282,"[(58, 2)]",2,2023-02-15 15:59:51.762760282
Cust00430,2023-02-15 15:29:04.972292514,"[(171, 4), (288, 2), (15, 3)]",9,2023-02-15 16:44:04.972292514
Cust00431,2023-02-15 15:30:59.920178175,"[(192, 2), (45, 1), (305, 2), (3, 1)]",6,2023-02-15 16:27:59.920178175
Cust00432,2023-02-15 15:32:02.055001636,"[(43, 3), (70, 1), (217, 4)]",8,2023-02-15 17:27:02.055001636
Cust00433,2023-02-15 15:32:48.446719027,"[(74, 1)]",1,2023-02-15 17:14:48.446719027
Cust00434,2023-02-15 15:33:41.410532542,"[(302, 2), (44, 1), (105, 2)]",5,2023-02-15 17:08:41.410532542
Cust00435,2023-02-15 15:34:56.696948094,"[(271, 3)]",3,2023-02-15 17:17:56.696948094
Cust00436,2023-02-15 15:35:48.650859135,"[(251, 4), (47, 1), (72, 2), (241, 2)]",9,2023-02-15 17:04:48.650859135
Cust00437,2023-02-15 15:36:51.756044402,"[(120, 4), (70, 2), (152, 2)]",8,2023-02-15 17:15:51.756044402
Cust00438,2023-02-15 15:37:05.774502359,"[(31, 4), (179, 4)]",8,2023-02-15 16:39:05.774502359
Cust00439,2023-02-15 15:37:08.708282700,"[(57, 2), (24, 3), (103, 10)]",15,2023-02-15 17:15:08.708282700
Cust00440,2023-02-15 15:38:11.396384500,"[(4, 1), (267, 8), (313, 2), (333, 2), (186, 1)]",14,2023-02-15 17:13:11.396384500
Cust00441,2023-02-15 15:38:36.630615410,"[(11, 4)]",4,2023-02-15 16:13:36.630615410
Cust00442,2023-02-15 15:38:42.363690708,"[(139, 4), (349, 1), (1, 6), (215, 2), (12, 2), (183, 4)]",19,2023-02-15 17:37:42.363690708
Cust00443,2023-02-15 15:40:37.435194953,"[(100, 1), (36, 1), (205, 4), (260, 2)]",8,2023-02-15 17:20:37.435194953
Cust00444,2023-02-15 15:40:48.549975507,"[(46, 1), (159, 3), (40, 3)]",7,2023-02-15 17:24:48.549975507
Cust00445,2023-02-15 15:41:00.807225693,"[(150, 2)]",2,2023-02-15 17:09:00.807225693
Cust00446,2023-02-15 15:41:44.809139289,"[(35, 4), (166, 4)]",8,2023-02-15 16:24:44.809139289
Cust00447,2023-02-15 15:43:19.963843533,"[(98, 1)]",1,2023-02-15 16:30:19.963843533
Cust00448,2023-02-15 15:48:29.327734079,"[(176, 4), (201, 1), (44, 4), (116, 3), (88, 4), (6, 2)]",18,2023-02-15 17:22:29.327734079
Cust00449,2023-02-15 15:48:41.779811833,"[(347, 1), (100, 3), (99, 3)]",7,2023-02-15 16:26:41.779811833
Cust00450,2023-02-15 15:48:55.660265107,"[(6, 3), (10, 3), (31, 4)]",10,2023-02-15 17:34:55.660265107
Cust00451,2023-02-15 15:49:15.091015794,"[(100, 2), (78, 2), (134, 1)]",5,2023-02-15 16:38:15.091015794
Cust00452,2023-02-15 15:50:52.271472752,"[(118, 1), (50, 8), (36, 1)]",10,2023-02-15 16:38:52.271472752
Cust00453,2023-02-15 15:53:13.399167738,"[(229, 2), (8, 1)]",3,2023-02-15 16:26:13.399167738
Cust00454,2023-02-15 15:53:13.990347597,"[(125, 1), (82, 9), (46, 4)]",14,2023-02-15 17:24:13.990347597
Cust00455,2023-02-15 15:53:26.111881382,"[(219, 1), (30, 3), (16, 3)]",7,2023-02-15 17:02:26.111881382
Cust00456,2023-02-15 15:53:27.828060457,"[(136, 2), (156, 4), (34, 1), (161, 2)]",9,2023-02-15 16:42:27.828060457
Cust00457,2023-02-15 15:53:41.931699687,"[(79, 3)]",3,2023-02-15 16:50:41.931699687
Cust00458,2023-02-15 15:55:32.256041772,"[(254, 2), (149, 3), (217, 1)]",6,2023-02-15 16:57:32.256041772
Cust00459,2023-02-15 15:58:41.242150793,"[(354, 1), (126, 9), (45, 3), (77, 4), (28, 2), (18, 4), (153, 3), (112, 2), (108, 3), (42, 4)]",35,2023-02-15 17:08:41.242150793
Cust00460,2023-02-15 15:58:55.669566415,"[(166, 2), (49, 3), (15, 2), (100, 2)]",9,2023-02-15 16:41:55.669566415
